feature	W-val	pvalue
duration_secs	38.0	0.03857970370059411
eye_contact	54.5	0.2976044782460494
time_losing_contact	56.0	0.5343097756066597
number_losing	21.5	0.9047764749089059
num_preslook	32.0	0.34456236532569795
num_fillerwords	54.0	0.2866247554614416
