feature	W-val	pvalue
eye_contact	8.5	0.01668677011401322
time_losing_contact	5.0	0.012527842133594475
number_losing	0.0	0.043114446783075355
num_preslook	4.5	0.20210204418937272
num_fillerwords	37.5	0.574934084570652
